{"k_degradation": {"bac": 0.1647276734031726, "epa": 0.27831936739702906}, "k_altero": {"dom_prod": 0.030961416514615175, "fe3_prod": 0.1148321045010282, "death": 0.03916101807238841, "cc": 1.3373681040257908, "vit_prod": 0.9681035198255726, "dom_frac": 0.6402367975246994, "doca_cons": 0.40956935761077257, "K_doca": 0.4892579365529464, "Vmax_bac": 2.0073132625759778, "growth": 0.258263218535365, "K_dom": 0.9717598091453673, "doca_frac": 0.2561655126456294, "dom_cons": 0.23127753846090557, "K_bac": 0.743723541560518}, "k_flavo": {"death": 0.379009444530069, "cc": 1.4235011848311552, "dom_prod": 0.12165716921315556, "Vmax_bac": 0.16934487116110414, "growth": 1.0228951116375478, "K_cop": 0.6434398768725582, "cop_cons": 0.1585229812549898, "K_bac": 0.8077691514800089}, "k_pseudo": {"death": 0.024172755396942653, "cc": 1.242179422037832, "dom_prod": 0.27474195736046786, "Vmax_bac": 1.4385405181856195, "growth": 0.8749897194957605, "K_dom": 0.5907697668832509, "dom_cons": 0.8277846927389239, "K_bac": 0.02164450110760063}, "k_pseudoaltero": {"bac_prod": 0.8810556989014094, "K_epa": 0.8364754284307986, "cc": 0.9920137190171184, "K_docpa": 0.23100786790086758, "dom_prod": 0.1505662044742503, "death": 0.21779740202750825, "growth": 0.3617089681431297, "Vmax_epa": 1.5811270456690236, "docpa_cons": 0.22499487733807466}, "k_diatom": {"dom_prod": 0.1450472077239035, "death": 0.007428719105436441, "K_fe3": 0.6973426679368672, "V_doca-cop": 0.562035517841132, "cc": 2.0933847572527986, "vit_cons": 0.3406596139014206, "doca_prod": 0.9816580597358537, "epa_prod": 0.5566022683131681, "growth": 0.15544324219610223, "cop_prod": 0.7502744191921595, "K_vit": 0.515974209727267, "K_vit_b": 0.4739885615909206, "K_fe3_b": 1.1421937342000676, "docpa_prod": 0.5118834352996353, "fe3_cons": 0.6602033482151655}}