{"k_degradation": {"bac": 0.1081129371944478, "epa": 0.3500525006614001}, "k_altero": {"dom_prod": 0.030465440968194302, "fe3_prod": 0.13429241195932518, "death": 0.036307765811598135, "cc": 1.2309239537815455, "vit_prod": 0.9542360742692777, "dom_frac": 0.7955259152573977, "doca_cons": 0.5042206667228285, "K_doca": 0.4636934328710719, "Vmax_bac": 1.8846885614453224, "growth": 0.3295164584240416, "K_dom": 1.0434886852723566, "doca_frac": 0.20447408474260237, "dom_cons": 0.18633615976668574, "K_bac": 0.5627801598500435}, "k_flavo": {"death": 0.3828169916188764, "cc": 1.3510525744447315, "dom_prod": 0.09285665506857027, "Vmax_bac": 0.18436040673662568, "growth": 0.7654481364603417, "K_cop": 0.47770165696745936, "cop_cons": 0.1393167287105153, "K_bac": 0.9364203629523464}, "k_pseudo": {"death": 0.020443889680944738, "cc": 1.301321841076676, "dom_prod": 0.19545238109724533, "Vmax_bac": 1.0097372817748689, "growth": 0.8207153580770208, "K_dom": 0.6097965140894299, "dom_cons": 0.6983327985180977, "K_bac": 0.020101570539233456}, "k_pseudoaltero": {"bac_prod": 0.8195833856721024, "K_epa": 0.7555719869768432, "cc": 0.9951348032228443, "K_docpa": 0.2457164568831244, "dom_prod": 0.13062114405569258, "death": 0.22103941162345891, "growth": 0.3274259822295456, "Vmax_epa": 1.5770508562238348, "docpa_cons": 0.23681592935132628}, "k_diatom": {"dom_prod": 0.1359823218860296, "death": 0.007175236804453682, "K_fe3": 0.48867714020977626, "V_doca-cop": 0.31432565349201713, "cc": 1.8752043840269075, "vit_cons": 0.36787751290793114, "doca_prod": 1.7707397539932357, "epa_prod": 1.2143534341226092, "growth": 0.1943058105564719, "cop_prod": 1.0051138390125995, "K_vit": 0.8449028161755254, "K_vit_b": 0.46959542677378224, "K_fe3_b": 1.1997331500371995, "docpa_prod": 1.0552701856730615, "fe3_cons": 0.6657415330704323}}