{"k_degradation": {"bac": 0.0776876750380969, "epa": 0.5799507308075212}, "k_altero": {"dom_prod": 0.06702454563827417, "fe3_prod": 0.19947942480855158, "death": 0.016969870051192812, "cc": 2.7404740400685923, "vit_prod": 1.0922579764174243, "dom_frac": 0.007433535839458938, "doca_cons": 1.3007311901570975, "K_doca": 0.022531669353395643, "Vmax_bac": 0.9470196559867737, "growth": 0.34841210487738306, "K_dom": 0.8255249233422066, "doca_frac": 0.9925664641605411, "dom_cons": 0.7459790754604608, "K_bac": 0.2382128437529572}, "k_flavo": {"death": 0.18004950142715073, "cc": 0.5418725935322666, "dom_prod": 0.009838080933460966, "Vmax_bac": 0.2323379554155841, "growth": 1.5015605139196064, "K_cop": 0.7452494047847952, "cop_cons": 0.5700504273050978, "K_bac": 0.16731037860962528}, "k_pseudo": {"death": 0.01591322550656476, "cc": 1.1774985864994139, "dom_prod": 0.031072888299073044, "growth": 0.5793803328195236, "K_dom": 1.1207989999614392, "dom_cons": 0.17624781118018137, "K_bac": 0.16822538187024047, "Vmax_bac": 2.110809120821192}, "k_pseudoaltero": {"bac_prod": 0.28618044768475415, "K_epa": 0.05329040630369118, "cc": 1.281375832938391, "K_docpa": 0.4212769234972561, "dom_prod": 0.018163967885612725, "death": 0.01861449066209828, "growth": 0.12768706828953447, "Vmax_epa": 2.655083391388568, "docpa_cons": 0.4112968256888039}, "k_diatom": {"dom_prod": 0.5413292794873429, "death": 0.006805777563295627, "K_fe3": 0.0297949606486293, "V_doca-cop": 0.36479578589362255, "cc": 1.5789685798773572, "docpa_prod": 0.8389729481067899, "doca_prod": 1.656573127978466, "epa_prod": 1.2865881128634982, "growth": 0.5273740409530184, "fe3_cons": 0.316835502877263, "K_vit": 0.46273520211400415, "K_vit_b": 0.09782079544244524, "K_fe3_b": 0.3332112487195524, "vit_cons": 1.7844988396956751, "cop_prod": 0.7066632633780285}}