{"k_degradation": {"bac": 0.06758505523164784, "epa": 0.5632220349381931}, "k_altero": {"dom_prod": 0.07242592790064216, "fe3_prod": 0.16454565472316462, "death": 0.009180375953333634, "cc": 2.197434828067388, "vit_prod": 1.2521198179525088, "dom_frac": -0.4103156717170391, "doca_cons": 1.308579320807178, "K_doca": 0.15662858269202679, "Vmax_bac": 0.6357954903553862, "growth": 0.28464152024360545, "K_dom": 1.32125843276112, "doca_frac": 1.410315671717039, "dom_cons": 0.5585691250502616, "K_bac": 0.25833497036913194}, "k_flavo": {"death": 0.1970505626028838, "cc": 0.8945615346870006, "dom_prod": 0.01383740553726227, "Vmax_bac": 0.2793074954125424, "growth": 1.092086737454954, "K_cop": 0.5580827757415366, "cop_cons": 0.5083350157834386, "K_bac": 0.169413413000559}, "k_pseudo": {"death": 0.006025855962388662, "cc": 0.2702901473518742, "dom_prod": 0.032939099445118684, "growth": 0.2324523523835187, "K_dom": 0.9696760199906567, "dom_cons": 0.2874453733197462, "K_bac": 0.13503484821905878, "Vmax_bac": 1.0788646345684212}, "k_pseudoaltero": {"bac_prod": 0.8389105399557846, "K_epa": 0.030128004454856264, "cc": 1.370723800857563, "K_docpa": 0.2416466483370619, "dom_prod": 0.024875577600096226, "death": 0.01783295401526662, "growth": 0.43760501685464936, "Vmax_epa": 4.279494399856163, "docpa_cons": 0.38518801739769837}, "k_diatom": {"dom_prod": 0.5652308396608253, "death": 0.006295065338305936, "K_fe3": 0.029465688982545448, "V_doca-cop": 0.36234785468367686, "cc": 1.5800640346139174, "docpa_prod": 0.81318155979936, "doca_prod": 1.5586539781772157, "epa_prod": 1.354045081850003, "growth": 0.5113846069329426, "fe3_cons": 0.2966359552254421, "K_vit": 0.4486946763155273, "K_vit_b": 0.09485609911669107, "K_fe3_b": 0.33270336466349953, "vit_cons": 1.8341713757159686, "cop_prod": 0.7021630836925282}}